pair,category,winner_score,loser_score,winner_score_swapped,loser_score_swapped
1,cooking,74,75,67,74
2,tech,72,68,63,75
3,cooking,78,75,78,67
4,education,76,63,60,59
5,fitness,73,75,56,50
6,cooking,68,68,47,57
7,tech,73,81,68,74
8,tech,79,68,50,34
9,gaming,69,63,58,67
10,fitness,71,70,69,69
11,cooking,75,74,41,70
12,tech,71,77,67,78
13,education,80,81,75,73
14,gaming,83,78,72,78
15,gaming,67,65,62,71
16,fitness,70,74,71,73
17,cooking,67,79,57,72
18,education,72,74,64,63
19,fitness,69,79,78,71
20,gaming,77,71,69,76
21,tech,66,55,56,63
22,gaming,70,74,70,63
23,lifestyle,83,70,60,62
24,fitness,76,84,83,81
25,fitness,77,83,81,69
26,lifestyle,80,77,82,75
27,education,80,66,64,79
28,education,71,69,69,60
29,lifestyle,74,72,66,67
30,gaming,70,68,63,67
31,gaming,74,68,58,63
32,tech,73,74,71,75
33,cooking,79,71,65,67
34,tech,70,72,67,62
35,fitness,68,71,71,63
36,tech,82,81,72,84
37,cooking,76,78,67,77
38,cooking,77,74,75,68
39,gaming,77,86,74,81
40,education,79,68,66,76
41,fitness,73,69,66,77
42,tech,74,77,53,59
43,education,75,65,44,64
44,cooking,66,70,63,40
45,fitness,85,74,75,81
46,fitness,82,78,77,75
47,fitness,79,72,68,77
48,cooking,72,82,66,54
49,lifestyle,65,77,67,64
50,fitness,76,75,70,63
51,gaming,68,75,71,69
52,tech,76,72,69,70
53,lifestyle,49,57,63,37
54,gaming,31,77,61,31
55,lifestyle,71,84,78,76
56,cooking,79,74,73,76
57,education,73,78,69,59
58,education,79,68,63,44
59,cooking,70,80,65,74
60,cooking,74,80,72,74
61,gaming,67,76,65,63
62,education,70,71,64,55
63,lifestyle,85,67,76,66
64,lifestyle,71,66,35,65
65,gaming,76,69,69,72
66,education,75,82,67,78
67,lifestyle,71,79,71,62
68,fitness,68,82,77,76
69,cooking,77,78,60,77
70,tech,56,79,78,38
71,tech,75,79,71,60
72,cooking,72,74,75,67
73,gaming,71,65,55,68
74,lifestyle,79,73,74,76
75,gaming,77,44,42,69
76,cooking,69,68,39,40
77,fitness,75,84,82,77
78,tech,73,60,60,66
79,tech,80,80,78,79
80,tech,75,67,56,59
81,cooking,76,65,50,70
82,cooking,80,75,77,72
83,tech,70,66,65,69
84,fitness,86,81,39,81
85,cooking,72,72,68,66
86,gaming,77,74,70,43
87,cooking,76,76,63,58
88,lifestyle,77,73,44,53
89,gaming,59,68,50,48
90,lifestyle,71,32,31,68
91,gaming,65,64,62,68
92,tech,69,70,59,55
93,fitness,71,75,66,72
94,tech,73,71,62,71
95,gaming,75,66,68,77
96,tech,73,84,68,78
97,cooking,80,77,63,52
98,lifestyle,72,67,68,72
99,cooking,68,65,43,49
100,tech,82,74,39,55
101,fitness,72,69,71,71
102,gaming,62,68,67,59
103,fitness,61,80,74,66
104,fitness,81,79,71,63
105,education,85,82,71,82
106,fitness,75,75,75,75
107,gaming,74,77,70,65
108,lifestyle,71,68,70,63
109,gaming,69,52,57,63
110,tech,85,78,62,78
111,cooking,74,65,60,38
112,lifestyle,81,84,65,79
113,tech,38,70,63,41
114,gaming,72,75,76,76
115,lifestyle,80,78,62,75
116,fitness,84,76,76,78
117,tech,76,79,82,75
118,fitness,80,80,57,73
119,cooking,77,69,69,77
120,tech,79,72,66,76
121,education,71,77,69,60
122,fitness,81,80,42,75
123,gaming,81,78,76,77
124,tech,82,78,73,69
125,gaming,60,39,36,38
126,fitness,76,73,75,77
127,tech,82,75,76,72
128,gaming,74,69,62,77
129,fitness,83,76,74,75
130,tech,64,65,53,53
131,cooking,72,72,47,60
132,cooking,75,74,49,42
133,gaming,75,75,75,72
134,gaming,86,81,69,72
135,tech,79,80,72,78
136,cooking,81,66,66,65
137,education,64,77,55,42
138,tech,59,45,46,29
139,cooking,75,70,57,76
140,education,74,79,76,64
141,cooking,82,74,77,73
142,tech,75,62,45,66
143,tech,76,69,64,64
144,lifestyle,73,60,72,70
145,cooking,73,63,59,69
146,gaming,62,67,66,58
147,lifestyle,83,77,70,70
148,fitness,81,76,36,71
149,tech,81,64,59,70
150,education,75,69,50,68
151,lifestyle,65,54,42,63
152,education,76,77,55,64
153,cooking,85,70,82,75
154,fitness,74,75,79,74
155,lifestyle,79,71,69,74
156,cooking,81,67,62,72
157,gaming,58,40,44,46
158,lifestyle,76,70,64,70
159,cooking,72,70,47,47
160,tech,74,74,67,70
161,fitness,82,77,78,77
162,cooking,80,72,74,73
163,tech,71,76,31,71
164,lifestyle,56,68,65,55
165,lifestyle,73,65,62,69
166,gaming,55,30,23,54
167,cooking,74,69,69,63
168,fitness,65,65,68,67
169,education,82,73,62,32
170,education,85,76,67,74
171,lifestyle,83,67,69,43
172,tech,78,81,67,76
173,tech,73,69,62,61
174,cooking,84,69,67,76
175,tech,59,70,61,30
176,education,72,71,60,62
177,gaming,81,81,58,69
178,cooking,77,82,72,76
179,tech,81,77,71,77
180,lifestyle,81,74,70,71
181,gaming,76,63,64,74
182,cooking,81,73,60,73
183,lifestyle,85,64,69,53
184,cooking,71,76,65,72
185,tech,70,69,51,67
186,tech,75,63,55,63
187,tech,79,59,66,71
188,gaming,65,69,62,64
189,tech,65,72,72,59
190,gaming,68,76,79,68
191,education,73,66,79,73
192,lifestyle,80,59,57,68
193,lifestyle,77,72,72,74
194,cooking,72,70,57,44
195,lifestyle,66,70,67,48
196,cooking,84,84,75,75
197,cooking,79,75,76,76
198,lifestyle,77,66,64,54
199,lifestyle,72,81,52,57
200,cooking,72,69,45,34
201,cooking,77,70,46,44
202,gaming,43,79,77,59
203,education,77,78,76,42
204,fitness,73,67,63,58
205,tech,75,72,67,76
206,tech,80,76,69,80
207,tech,75,53,54,53
208,cooking,77,78,43,69
209,fitness,75,69,69,78
210,gaming,86,78,76,71
211,tech,68,76,75,64
212,cooking,72,76,66,63
213,gaming,78,76,63,78
214,cooking,70,71,71,66
215,tech,68,78,68,61
216,cooking,71,68,63,43
217,tech,76,82,83,45
218,cooking,75,75,64,69
219,lifestyle,75,59,53,76
220,gaming,79,75,71,72
221,cooking,68,73,70,48
222,tech,79,77,78,76
223,gaming,69,63,65,62
224,cooking,75,62,36,66
225,tech,74,68,31,25
226,cooking,76,71,73,77
227,tech,69,66,58,58
228,gaming,75,78,71,72
229,gaming,63,64,64,51
230,tech,81,73,44,70
231,tech,69,68,67,55
232,cooking,70,78,73,66
233,gaming,67,73,71,60
234,cooking,75,70,50,48
235,lifestyle,81,88,75,28
236,gaming,68,75,62,75
237,gaming,76,68,67,69
238,cooking,72,58,60,69
239,gaming,66,69,63,52
240,tech,73,70,66,72
241,fitness,78,75,75,75
242,fitness,83,86,71,75
243,cooking,82,78,66,70
244,lifestyle,80,67,69,60
245,gaming,76,52,58,71
246,tech,84,72,65,74
247,education,76,68,60,70
248,gaming,72,65,66,69
249,gaming,50,63,56,49
250,cooking,80,67,59,75
251,lifestyle,66,75,74,64
252,cooking,78,79,76,72
253,gaming,66,69,76,75
254,fitness,76,72,69,63
255,tech,73,74,64,69
256,tech,67,64,61,62
257,gaming,67,48,34,64
258,lifestyle,83,71,42,83
259,gaming,75,75,77,70
260,gaming,65,63,67,68
261,cooking,77,79,40,46
262,tech,73,67,62,71
263,gaming,77,69,59,63
264,education,79,76,64,67
265,tech,67,69,33,67
266,gaming,46,67,67,47
267,cooking,72,71,41,34
268,gaming,65,77,73,62
269,cooking,76,66,57,66
270,tech,81,72,56,60
271,lifestyle,69,76,75,67
272,education,63,68,11,64
273,cooking,71,75,54,65
274,tech,62,70,65,67
275,tech,82,75,69,63
276,cooking,72,75,78,71
277,tech,79,80,80,72
278,fitness,79,79,69,81
279,tech,64,79,72,64
280,lifestyle,81,73,49,64
281,cooking,73,70,30,35
282,tech,79,71,71,65
283,cooking,71,68,46,34
284,lifestyle,60,75,68,64
285,fitness,84,74,77,69
286,education,63,71,56,34
287,fitness,79,77,83,75
288,lifestyle,75,71,52,55
289,cooking,73,67,67,62
290,gaming,63,65,66,63
291,tech,84,63,72,78
292,tech,68,68,67,67
293,gaming,76,63,39,73
294,gaming,67,62,60,71
295,cooking,79,66,73,70
296,gaming,65,75,72,76
297,tech,78,81,68,76
298,gaming,70,73,69,65
299,tech,76,60,62,65
300,gaming,70,68,66,63
301,tech,70,76,67,60
302,lifestyle,72,68,60,60
303,lifestyle,65,78,80,65
304,lifestyle,76,67,78,70
305,education,81,54,37,76
306,tech,84,59,32,66
307,tech,73,49,38,73
308,gaming,61,73,64,64
309,education,79,50,54,75
310,education,75,73,71,43
311,gaming,68,75,76,70
312,fitness,75,70,67,73
313,tech,64,68,64,67
314,cooking,72,69,52,35
315,education,75,56,42,50
316,cooking,67,59,44,71
317,lifestyle,76,67,74,66
318,gaming,67,67,67,67
319,cooking,73,75,68,72
320,tech,72,69,63,64
321,tech,67,66,65,66
